maksssksksss11.png,23,114,77,172,mask_weared_incorrect
maksssksksss112.png,90,84,138,131,mask_weared_incorrect
maksssksksss13.png,162,51,194,89,mask_weared_incorrect
maksssksksss130.png,7,104,46,147,mask_weared_incorrect
maksssksksss130.png,162,58,208,112,mask_weared_incorrect
maksssksksss132.png,106,72,190,182,mask_weared_incorrect
maksssksksss139.png,56,132,79,162,mask_weared_incorrect
maksssksksss145.png,91,89,114,111,mask_weared_incorrect
maksssksksss145.png,183,102,203,122,mask_weared_incorrect
maksssksksss151.png,170,142,180,152,mask_weared_incorrect
maksssksksss156.png,366,70,385,91,mask_weared_incorrect
maksssksksss156.png,181,40,203,67,mask_weared_incorrect
maksssksksss156.png,36,63,59,88,mask_weared_incorrect
maksssksksss173.png,331,77,356,106,mask_weared_incorrect
maksssksksss176.png,237,86,277,135,mask_weared_incorrect
maksssksksss199.png,134,118,143,128,mask_weared_incorrect
maksssksksss2.png,333,31,366,65,mask_weared_incorrect
maksssksksss206.png,68,98,83,115,mask_weared_incorrect
maksssksksss223.png,100,49,113,61,mask_weared_incorrect
maksssksksss24.png,105,76,161,116,mask_weared_incorrect
maksssksksss250.png,26,42,59,85,mask_weared_incorrect
maksssksksss250.png,341,32,385,85,mask_weared_incorrect
maksssksksss253.png,287,144,327,179,mask_weared_incorrect
maksssksksss255.png,176,84,181,89,mask_weared_incorrect
maksssksksss258.png,133,43,194,108,mask_weared_incorrect
maksssksksss272.png,48,107,218,304,mask_weared_incorrect
maksssksksss276.png,122,38,222,160,mask_weared_incorrect
maksssksksss280.png,274,15,284,27,mask_weared_incorrect
maksssksksss282.png,329,169,350,193,mask_weared_incorrect
maksssksksss29.png,223,81,285,159,mask_weared_incorrect
maksssksksss29.png,279,44,340,114,mask_weared_incorrect
maksssksksss305.png,72,114,89,129,mask_weared_incorrect
maksssksksss305.png,107,114,120,129,mask_weared_incorrect
maksssksksss305.png,94,161,107,175,mask_weared_incorrect
maksssksksss305.png,239,122,255,137,mask_weared_incorrect
maksssksksss307.png,3,65,96,163,mask_weared_incorrect
maksssksksss309.png,109,50,172,114,mask_weared_incorrect
maksssksksss331.png,88,87,107,106,mask_weared_incorrect
maksssksksss331.png,263,46,277,65,mask_weared_incorrect
maksssksksss371.png,160,37,263,154,mask_weared_incorrect
maksssksksss386.png,83,43,110,75,mask_weared_incorrect
maksssksksss387.png,287,60,328,115,mask_weared_incorrect
maksssksksss388.png,303,96,330,123,mask_weared_incorrect
maksssksksss406.png,171,69,239,144,mask_weared_incorrect
maksssksksss410.png,101,91,115,106,mask_weared_incorrect
maksssksksss423.png,144,68,155,81,mask_weared_incorrect
maksssksksss424.png,153,155,165,165,mask_weared_incorrect
maksssksksss428.png,101,93,116,105,mask_weared_incorrect
maksssksksss431.png,20,71,76,129,mask_weared_incorrect
maksssksksss440.png,101,30,114,50,mask_weared_incorrect
maksssksksss440.png,353,30,371,51,mask_weared_incorrect
maksssksksss445.png,72,56,101,93,mask_weared_incorrect
maksssksksss445.png,199,237,230,266,mask_weared_incorrect
maksssksksss453.png,47,172,71,203,mask_weared_incorrect
maksssksksss459.png,185,77,239,134,mask_weared_incorrect
maksssksksss467.png,261,73,278,96,mask_weared_incorrect
maksssksksss484.png,82,52,141,115,mask_weared_incorrect
maksssksksss495.png,77,24,134,98,mask_weared_incorrect
maksssksksss496.png,85,97,184,207,mask_weared_incorrect
maksssksksss498.png,194,57,207,74,mask_weared_incorrect
maksssksksss514.png,249,44,266,66,mask_weared_incorrect
maksssksksss514.png,386,44,400,64,mask_weared_incorrect
maksssksksss52.png,168,57,196,85,mask_weared_incorrect
maksssksksss52.png,23,37,37,54,mask_weared_incorrect
maksssksksss52.png,254,30,272,47,mask_weared_incorrect
maksssksksss52.png,326,11,338,30,mask_weared_incorrect
maksssksksss525.png,319,128,486,307,mask_weared_incorrect
maksssksksss534.png,346,132,364,153,mask_weared_incorrect
maksssksksss545.png,366,70,384,92,mask_weared_incorrect
maksssksksss545.png,37,63,59,88,mask_weared_incorrect
maksssksksss545.png,179,40,205,67,mask_weared_incorrect
maksssksksss562.png,163,81,241,173,mask_weared_incorrect
maksssksksss564.png,58,29,76,52,mask_weared_incorrect
maksssksksss566.png,237,73,255,89,mask_weared_incorrect
maksssksksss603.png,111,151,122,163,mask_weared_incorrect
maksssksksss603.png,246,49,254,57,mask_weared_incorrect
maksssksksss611.png,292,76,305,94,mask_weared_incorrect
maksssksksss613.png,322,144,341,167,mask_weared_incorrect
maksssksksss623.png,57,164,78,187,mask_weared_incorrect
maksssksksss627.png,36,167,63,194,mask_weared_incorrect
maksssksksss627.png,109,91,139,125,mask_weared_incorrect
maksssksksss627.png,169,77,213,121,mask_weared_incorrect
maksssksksss634.png,126,62,147,91,mask_weared_incorrect
maksssksksss640.png,364,84,399,121,mask_weared_incorrect
maksssksksss647.png,21,40,66,87,mask_weared_incorrect
maksssksksss657.png,210,41,219,56,mask_weared_incorrect
maksssksksss657.png,255,36,273,54,mask_weared_incorrect
maksssksksss658.png,121,47,158,80,mask_weared_incorrect
maksssksksss659.png,113,97,252,251,mask_weared_incorrect
maksssksksss666.png,298,2,398,91,mask_weared_incorrect
maksssksksss672.png,240,143,277,186,mask_weared_incorrect
maksssksksss673.png,279,172,313,213,mask_weared_incorrect
maksssksksss680.png,249,43,266,65,mask_weared_incorrect
maksssksksss680.png,387,46,400,65,mask_weared_incorrect
maksssksksss693.png,156,47,183,80,mask_weared_incorrect
maksssksksss698.png,1,136,37,182,mask_weared_incorrect
maksssksksss698.png,317,214,353,248,mask_weared_incorrect
maksssksksss698.png,275,61,318,107,mask_weared_incorrect
maksssksksss702.png,340,66,380,111,mask_weared_incorrect
maksssksksss717.png,1,95,76,172,mask_weared_incorrect
maksssksksss718.png,312,69,328,98,mask_weared_incorrect
maksssksksss728.png,349,71,363,86,mask_weared_incorrect
maksssksksss737.png,159,50,193,90,mask_weared_incorrect
maksssksksss741.png,111,40,151,77,mask_weared_incorrect
maksssksksss748.png,179,47,283,169,mask_weared_incorrect
maksssksksss756.png,114,54,151,91,mask_weared_incorrect
maksssksksss76.png,157,80,165,94,mask_weared_incorrect
maksssksksss760.png,173,34,206,65,mask_weared_incorrect
maksssksksss760.png,158,92,195,138,mask_weared_incorrect
maksssksksss761.png,136,67,187,121,mask_weared_incorrect
maksssksksss782.png,202,145,228,174,mask_weared_incorrect
maksssksksss786.png,244,64,297,122,mask_weared_incorrect
maksssksksss795.png,47,198,69,231,mask_weared_incorrect
maksssksksss807.png,248,59,259,70,mask_weared_incorrect
maksssksksss815.png,117,77,179,117,mask_weared_incorrect
maksssksksss824.png,29,127,50,157,mask_weared_incorrect
maksssksksss830.png,167,77,220,133,mask_weared_incorrect
maksssksksss832.png,90,80,212,247,mask_weared_incorrect
maksssksksss835.png,57,86,162,184,mask_weared_incorrect
maksssksksss847.png,56,160,78,187,mask_weared_incorrect
maksssksksss9.png,148,75,201,133,mask_weared_incorrect
maksssksksss94.png,227,91,255,122,mask_weared_incorrect
maksssksksss99.png,181,54,273,162,mask_weared_incorrect
