maksssksksss0.png,79,105,109,142,without_mask
maksssksksss0.png,325,90,360,141,without_mask
maksssksksss1.png,83,56,111,89,without_mask
maksssksksss104.png,42,109,66,140,without_mask
maksssksksss104.png,2,105,22,125,without_mask
maksssksksss104.png,30,88,46,105,without_mask
maksssksksss104.png,304,131,331,158,without_mask
maksssksksss104.png,83,85,96,96,without_mask
maksssksksss104.png,167,91,180,108,without_mask
maksssksksss108.png,267,72,278,83,without_mask
maksssksksss110.png,6,111,43,148,without_mask
maksssksksss110.png,22,20,49,46,without_mask
maksssksksss110.png,78,17,106,46,without_mask
maksssksksss110.png,97,66,115,86,without_mask
maksssksksss110.png,70,111,104,145,without_mask
maksssksksss110.png,42,157,85,186,without_mask
maksssksksss110.png,116,155,172,198,without_mask
maksssksksss110.png,112,85,149,118,without_mask
maksssksksss110.png,124,27,153,47,without_mask
maksssksksss110.png,163,29,189,53,without_mask
maksssksksss110.png,216,57,241,84,without_mask
maksssksksss110.png,237,15,268,46,without_mask
maksssksksss110.png,281,19,308,40,without_mask
maksssksksss110.png,286,60,311,84,without_mask
maksssksksss110.png,236,161,273,195,without_mask
maksssksksss110.png,335,27,359,52,without_mask
maksssksksss110.png,381,14,401,34,without_mask
maksssksksss111.png,17,127,27,144,without_mask
maksssksksss111.png,5,133,14,152,without_mask
maksssksksss111.png,383,125,398,145,without_mask
maksssksksss113.png,228,119,241,134,without_mask
maksssksksss114.png,4,83,75,161,without_mask
maksssksksss119.png,302,81,330,107,without_mask
maksssksksss119.png,352,45,377,67,without_mask
maksssksksss12.png,298,61,312,84,without_mask
maksssksksss121.png,11,48,41,75,without_mask
maksssksksss121.png,91,41,121,72,without_mask
maksssksksss121.png,176,56,204,83,without_mask
maksssksksss121.png,239,56,266,81,without_mask
maksssksksss121.png,301,62,329,87,without_mask
maksssksksss121.png,343,74,368,97,without_mask
maksssksksss121.png,387,82,400,107,without_mask
maksssksksss124.png,1,170,20,196,without_mask
maksssksksss124.png,333,133,360,170,without_mask
maksssksksss125.png,118,151,216,279,without_mask
maksssksksss126.png,226,2,267,97,without_mask
maksssksksss128.png,93,183,194,295,without_mask
maksssksksss129.png,106,69,124,89,without_mask
maksssksksss129.png,149,30,168,53,without_mask
maksssksksss130.png,304,95,332,141,without_mask
maksssksksss130.png,198,95,223,136,without_mask
maksssksksss131.png,257,55,284,86,without_mask
maksssksksss131.png,252,125,295,167,without_mask
maksssksksss131.png,236,74,256,99,without_mask
maksssksksss131.png,216,63,237,83,without_mask
maksssksksss134.png,156,22,177,48,without_mask
maksssksksss134.png,343,15,359,34,without_mask
maksssksksss137.png,38,143,53,161,without_mask
maksssksksss137.png,76,146,95,164,without_mask
maksssksksss137.png,217,153,241,174,without_mask
maksssksksss137.png,283,158,310,181,without_mask
maksssksksss139.png,30,71,51,92,without_mask
maksssksksss14.png,152,192,239,319,without_mask
maksssksksss145.png,310,96,333,119,without_mask
maksssksksss147.png,103,9,120,33,without_mask
maksssksksss148.png,68,95,124,157,without_mask
maksssksksss148.png,116,104,140,144,without_mask
maksssksksss148.png,325,77,397,156,without_mask
maksssksksss151.png,59,131,64,138,without_mask
maksssksksss153.png,289,21,311,44,without_mask
maksssksksss154.png,90,200,184,333,without_mask
maksssksksss156.png,1,45,19,64,without_mask
maksssksksss156.png,68,68,90,91,without_mask
maksssksksss156.png,87,55,102,71,without_mask
maksssksksss156.png,137,58,155,74,without_mask
maksssksksss156.png,233,50,250,67,without_mask
maksssksksss156.png,281,33,300,51,without_mask
maksssksksss157.png,84,61,111,95,without_mask
maksssksksss159.png,290,66,296,74,without_mask
maksssksksss161.png,123,227,190,328,without_mask
maksssksksss164.png,153,39,179,65,without_mask
maksssksksss164.png,203,35,225,59,without_mask
maksssksksss168.png,40,74,62,90,without_mask
maksssksksss168.png,363,51,384,81,without_mask
maksssksksss172.png,96,233,186,341,without_mask
maksssksksss176.png,291,79,319,115,without_mask
maksssksksss176.png,371,63,392,90,without_mask
maksssksksss176.png,387,59,400,92,without_mask
maksssksksss178.png,193,86,214,112,without_mask
maksssksksss178.png,245,90,265,112,without_mask
maksssksksss179.png,47,81,64,99,without_mask
maksssksksss179.png,89,53,116,76,without_mask
maksssksksss181.png,271,43,305,80,without_mask
maksssksksss182.png,117,48,167,98,without_mask
maksssksksss183.png,372,108,390,128,without_mask
maksssksksss183.png,35,109,50,130,without_mask
maksssksksss189.png,124,48,143,96,without_mask
maksssksksss189.png,201,89,235,121,without_mask
maksssksksss19.png,1,45,18,68,without_mask
maksssksksss19.png,161,20,195,54,without_mask
maksssksksss19.png,267,14,287,32,without_mask
maksssksksss194.png,205,67,216,78,without_mask
maksssksksss206.png,326,83,336,96,without_mask
maksssksksss206.png,359,83,369,94,without_mask
maksssksksss209.png,37,50,63,78,without_mask
maksssksksss209.png,63,79,88,101,without_mask
maksssksksss209.png,64,112,91,141,without_mask
maksssksksss209.png,88,44,112,72,without_mask
maksssksksss209.png,120,99,150,133,without_mask
maksssksksss209.png,206,51,228,79,without_mask
maksssksksss209.png,227,124,260,157,without_mask
maksssksksss209.png,236,91,262,119,without_mask
maksssksksss209.png,374,63,396,88,without_mask
maksssksksss209.png,267,22,289,44,without_mask
maksssksksss209.png,344,35,361,52,without_mask
maksssksksss209.png,183,49,205,69,without_mask
maksssksksss21.png,182,32,221,60,without_mask
maksssksksss216.png,138,55,169,82,without_mask
maksssksksss217.png,115,202,218,341,without_mask
maksssksksss218.png,139,223,251,371,without_mask
maksssksksss221.png,112,158,119,166,without_mask
maksssksksss222.png,315,52,332,65,without_mask
maksssksksss223.png,30,50,38,58,without_mask
maksssksksss223.png,199,43,209,56,without_mask
maksssksksss223.png,298,39,306,52,without_mask
maksssksksss223.png,224,83,239,97,without_mask
maksssksksss223.png,367,76,382,92,without_mask
maksssksksss223.png,371,100,382,123,without_mask
maksssksksss223.png,381,76,393,88,without_mask
maksssksksss236.png,163,164,269,299,without_mask
maksssksksss239.png,91,208,189,317,without_mask
maksssksksss240.png,44,215,62,231,without_mask
maksssksksss240.png,4,158,20,174,without_mask
maksssksksss240.png,53,160,68,176,without_mask
maksssksksss240.png,11,134,25,148,without_mask
maksssksksss240.png,58,123,75,139,without_mask
maksssksksss240.png,16,100,31,115,without_mask
maksssksksss240.png,59,103,73,113,without_mask
maksssksksss240.png,75,89,88,101,without_mask
maksssksksss240.png,20,65,33,78,without_mask
maksssksksss240.png,34,55,45,64,without_mask
maksssksksss240.png,78,57,92,71,without_mask
maksssksksss240.png,42,23,54,35,without_mask
maksssksksss240.png,77,26,91,40,without_mask
maksssksksss240.png,85,11,98,22,without_mask
maksssksksss240.png,155,26,162,36,without_mask
maksssksksss240.png,176,30,188,41,without_mask
maksssksksss240.png,178,44,189,55,without_mask
maksssksksss240.png,186,81,194,92,without_mask
maksssksksss240.png,177,93,186,105,without_mask
maksssksksss240.png,177,114,189,127,without_mask
maksssksksss240.png,166,136,181,150,without_mask
maksssksksss240.png,181,156,194,167,without_mask
maksssksksss240.png,184,201,198,211,without_mask
maksssksksss240.png,189,220,206,237,without_mask
maksssksksss240.png,182,219,188,230,without_mask
maksssksksss240.png,215,112,229,127,without_mask
maksssksksss240.png,218,90,232,103,without_mask
maksssksksss240.png,209,89,219,101,without_mask
maksssksksss240.png,207,47,214,56,without_mask
maksssksksss240.png,213,51,225,63,without_mask
maksssksksss240.png,228,22,238,33,without_mask
maksssksksss240.png,230,56,242,68,without_mask
maksssksksss240.png,250,55,260,64,without_mask
maksssksksss240.png,249,80,262,92,without_mask
maksssksksss240.png,241,124,253,134,without_mask
maksssksksss240.png,220,158,231,172,without_mask
maksssksksss240.png,233,170,247,184,without_mask
maksssksksss240.png,251,169,264,183,without_mask
maksssksksss240.png,253,128,267,142,without_mask
maksssksksss240.png,250,224,262,238,without_mask
maksssksksss240.png,242,33,253,43,without_mask
maksssksksss240.png,260,26,267,36,without_mask
maksssksksss240.png,255,14,264,22,without_mask
maksssksksss240.png,282,20,291,29,without_mask
maksssksksss240.png,271,29,281,36,without_mask
maksssksksss240.png,282,39,294,48,without_mask
maksssksksss240.png,276,63,290,73,without_mask
maksssksksss240.png,290,57,295,68,without_mask
maksssksksss240.png,274,87,287,97,without_mask
maksssksksss240.png,286,97,299,110,without_mask
maksssksksss240.png,299,100,306,111,without_mask
maksssksksss240.png,291,124,304,137,without_mask
maksssksksss240.png,287,159,302,170,without_mask
maksssksksss240.png,301,191,315,204,without_mask
maksssksksss240.png,310,211,319,219,without_mask
maksssksksss240.png,314,231,328,244,without_mask
maksssksksss240.png,301,22,308,29,without_mask
maksssksksss244.png,53,108,96,149,without_mask
maksssksksss244.png,315,34,400,130,without_mask
maksssksksss248.png,126,186,185,295,without_mask
maksssksksss249.png,309,119,368,191,without_mask
maksssksksss249.png,223,89,266,146,without_mask
maksssksksss250.png,85,65,118,103,without_mask
maksssksksss250.png,135,36,154,64,without_mask
maksssksksss251.png,206,10,225,30,without_mask
maksssksksss253.png,226,86,238,98,without_mask
maksssksksss253.png,155,83,172,103,without_mask
maksssksksss253.png,32,57,49,89,without_mask
maksssksksss253.png,385,77,400,93,without_mask
maksssksksss254.png,17,42,55,85,without_mask
maksssksksss254.png,374,39,394,70,without_mask
maksssksksss257.png,24,23,61,56,without_mask
maksssksksss261.png,125,156,159,194,without_mask
maksssksksss261.png,137,100,172,135,without_mask
maksssksksss261.png,136,25,166,46,without_mask
maksssksksss263.png,50,167,87,207,without_mask
maksssksksss268.png,187,60,225,117,without_mask
maksssksksss268.png,48,95,77,122,without_mask
maksssksksss270.png,105,69,126,91,without_mask
maksssksksss270.png,214,79,228,97,without_mask
maksssksksss270.png,354,79,364,94,without_mask
maksssksksss276.png,274,112,310,153,without_mask
maksssksksss279.png,48,237,79,266,without_mask
maksssksksss279.png,117,248,147,266,without_mask
maksssksksss280.png,164,17,174,25,without_mask
maksssksksss280.png,233,22,242,33,without_mask
maksssksksss280.png,247,2,257,12,without_mask
maksssksksss280.png,287,10,295,19,without_mask
maksssksksss280.png,347,11,359,21,without_mask
maksssksksss289.png,89,193,149,258,without_mask
maksssksksss289.png,249,300,267,349,without_mask
maksssksksss294.png,271,73,278,82,without_mask
maksssksksss294.png,236,91,243,99,without_mask
maksssksksss294.png,236,76,243,83,without_mask
maksssksksss296.png,42,88,68,112,without_mask
maksssksksss296.png,46,59,69,78,without_mask
maksssksksss296.png,101,69,120,87,without_mask
maksssksksss296.png,84,34,105,56,without_mask
maksssksksss296.png,63,138,93,171,without_mask
maksssksksss296.png,91,162,121,197,without_mask
maksssksksss296.png,140,33,155,48,without_mask
maksssksksss296.png,221,22,237,40,without_mask
maksssksksss296.png,236,35,261,60,without_mask
maksssksksss296.png,185,169,202,193,without_mask
maksssksksss296.png,165,172,182,207,without_mask
maksssksksss296.png,262,18,282,38,without_mask
maksssksksss296.png,263,48,279,62,without_mask
maksssksksss296.png,282,26,300,43,without_mask
maksssksksss296.png,296,49,314,67,without_mask
maksssksksss296.png,341,154,373,182,without_mask
maksssksksss297.png,294,22,306,35,without_mask
maksssksksss299.png,62,194,160,320,without_mask
maksssksksss30.png,119,61,146,87,without_mask
maksssksksss30.png,292,58,318,86,without_mask
maksssksksss301.png,85,19,100,37,without_mask
maksssksksss302.png,266,52,278,69,without_mask
maksssksksss305.png,343,141,359,155,without_mask
maksssksksss305.png,280,128,295,141,without_mask
maksssksksss305.png,256,118,270,130,without_mask
maksssksksss305.png,182,118,195,133,without_mask
maksssksksss305.png,139,116,155,130,without_mask
maksssksksss305.png,171,113,184,125,without_mask
maksssksksss305.png,333,134,342,142,without_mask
maksssksksss307.png,287,180,343,225,without_mask
maksssksksss310.png,388,63,396,72,without_mask
maksssksksss316.png,157,82,179,113,without_mask
maksssksksss317.png,283,25,326,69,without_mask
maksssksksss318.png,136,59,159,86,without_mask
maksssksksss318.png,50,82,66,99,without_mask
maksssksksss318.png,96,55,107,71,without_mask
maksssksksss318.png,32,61,47,76,without_mask
maksssksksss318.png,172,77,184,89,without_mask
maksssksksss319.png,109,68,119,81,without_mask
maksssksksss319.png,131,66,143,79,without_mask
maksssksksss319.png,193,70,200,83,without_mask
maksssksksss319.png,226,80,234,91,without_mask
maksssksksss319.png,367,66,373,85,without_mask
maksssksksss320.png,20,51,30,64,without_mask
maksssksksss321.png,170,82,212,145,without_mask
maksssksksss325.png,246,172,254,182,without_mask
maksssksksss327.png,18,84,64,134,without_mask
maksssksksss327.png,18,200,69,246,without_mask
maksssksksss327.png,112,46,149,73,without_mask
maksssksksss327.png,278,17,322,66,without_mask
maksssksksss327.png,342,98,385,140,without_mask
maksssksksss327.png,346,218,393,254,without_mask
maksssksksss334.png,334,106,367,144,without_mask
maksssksksss336.png,101,73,108,82,without_mask
maksssksksss336.png,178,64,185,72,without_mask
maksssksksss336.png,282,75,295,92,without_mask
maksssksksss34.png,129,92,142,102,without_mask
maksssksksss34.png,299,91,312,104,without_mask
maksssksksss340.png,133,83,195,140,without_mask
maksssksksss342.png,28,53,54,81,without_mask
maksssksksss343.png,85,131,232,284,without_mask
maksssksksss345.png,148,109,182,136,without_mask
maksssksksss347.png,8,147,57,198,without_mask
maksssksksss347.png,211,128,267,233,without_mask
maksssksksss348.png,86,189,188,304,without_mask
maksssksksss349.png,234,17,294,96,without_mask
maksssksksss352.png,48,90,91,133,without_mask
maksssksksss359.png,316,42,331,55,without_mask
maksssksksss361.png,37,60,60,88,without_mask
maksssksksss361.png,329,25,352,52,without_mask
maksssksksss365.png,266,125,281,151,without_mask
maksssksksss370.png,135,135,241,263,without_mask
maksssksksss373.png,320,31,344,55,without_mask
maksssksksss373.png,367,57,391,82,without_mask
maksssksksss374.png,314,30,345,61,without_mask
maksssksksss375.png,259,76,277,94,without_mask
maksssksksss375.png,273,192,289,210,without_mask
maksssksksss379.png,129,197,212,317,without_mask
maksssksksss38.png,252,116,284,149,without_mask
maksssksksss381.png,356,148,362,156,without_mask
maksssksksss381.png,379,135,385,144,without_mask
maksssksksss384.png,186,265,194,277,without_mask
maksssksksss385.png,385,25,396,46,without_mask
maksssksksss385.png,217,27,229,41,without_mask
maksssksksss385.png,51,20,61,31,without_mask
maksssksksss385.png,87,15,97,27,without_mask
maksssksksss386.png,283,73,288,80,without_mask
maksssksksss386.png,290,72,295,78,without_mask
maksssksksss387.png,156,20,173,37,without_mask
maksssksksss388.png,168,76,190,100,without_mask
maksssksksss388.png,192,59,210,78,without_mask
maksssksksss388.png,223,53,243,76,without_mask
maksssksksss388.png,272,67,291,88,without_mask
maksssksksss388.png,371,77,396,100,without_mask
maksssksksss388.png,68,75,80,88,without_mask
maksssksksss388.png,321,70,333,84,without_mask
maksssksksss389.png,163,44,191,75,without_mask
maksssksksss389.png,339,59,393,111,without_mask
maksssksksss396.png,310,86,366,135,without_mask
maksssksksss399.png,267,56,298,91,without_mask
maksssksksss40.png,367,80,394,112,without_mask
maksssksksss401.png,101,49,134,91,without_mask
maksssksksss401.png,133,75,166,111,without_mask
maksssksksss402.png,90,256,165,349,without_mask
maksssksksss404.png,112,214,183,319,without_mask
maksssksksss408.png,76,38,104,61,without_mask
maksssksksss408.png,256,45,283,69,without_mask
maksssksksss411.png,84,81,111,114,without_mask
maksssksksss419.png,7,156,19,177,without_mask
maksssksksss419.png,20,163,38,183,without_mask
maksssksksss419.png,37,151,50,169,without_mask
maksssksksss419.png,50,158,59,175,without_mask
maksssksksss419.png,59,157,69,173,without_mask
maksssksksss419.png,190,112,196,123,without_mask
maksssksksss419.png,73,155,82,170,without_mask
maksssksksss420.png,96,171,197,282,without_mask
maksssksksss424.png,14,185,22,201,without_mask
maksssksksss424.png,126,146,136,158,without_mask
maksssksksss424.png,142,171,155,185,without_mask
maksssksksss424.png,221,248,240,267,without_mask
maksssksksss44.png,332,12,394,90,without_mask
maksssksksss442.png,89,169,215,309,without_mask
maksssksksss443.png,89,155,187,264,without_mask
maksssksksss444.png,109,156,124,180,without_mask
maksssksksss45.png,63,34,95,63,without_mask
maksssksksss45.png,250,159,279,203,without_mask
maksssksksss451.png,161,9,179,28,without_mask
maksssksksss451.png,230,48,244,67,without_mask
maksssksksss451.png,210,61,233,84,without_mask
maksssksksss453.png,2,56,16,74,without_mask
maksssksksss453.png,18,46,37,67,without_mask
maksssksksss453.png,46,46,59,62,without_mask
maksssksksss453.png,50,60,59,82,without_mask
maksssksksss453.png,19,109,32,127,without_mask
maksssksksss453.png,97,273,131,300,without_mask
maksssksksss453.png,108,7,120,22,without_mask
maksssksksss453.png,111,39,127,60,without_mask
maksssksksss453.png,133,51,146,73,without_mask
maksssksksss453.png,147,55,159,77,without_mask
maksssksksss453.png,97,104,114,124,without_mask
maksssksksss453.png,193,54,206,71,without_mask
maksssksksss453.png,208,54,219,72,without_mask
maksssksksss453.png,261,26,279,53,without_mask
maksssksksss453.png,296,39,310,58,without_mask
maksssksksss453.png,108,10,122,22,without_mask
maksssksksss455.png,115,222,225,373,without_mask
maksssksksss457.png,6,68,41,109,without_mask
maksssksksss458.png,22,110,47,136,without_mask
maksssksksss460.png,7,52,24,72,without_mask
maksssksksss460.png,226,56,241,76,without_mask
maksssksksss460.png,155,91,166,101,without_mask
maksssksksss467.png,152,76,171,98,without_mask
maksssksksss471.png,134,61,153,88,without_mask
maksssksksss471.png,168,35,194,68,without_mask
maksssksksss473.png,53,79,91,123,without_mask
maksssksksss475.png,303,84,339,130,without_mask
maksssksksss476.png,286,52,309,76,without_mask
maksssksksss476.png,116,110,143,138,without_mask
maksssksksss477.png,36,15,52,33,without_mask
maksssksksss477.png,62,49,81,67,without_mask
maksssksksss477.png,57,90,78,111,without_mask
maksssksksss477.png,181,32,198,50,without_mask
maksssksksss477.png,315,71,332,85,without_mask
maksssksksss477.png,273,105,291,124,without_mask
maksssksksss48.png,85,152,190,279,without_mask
maksssksksss482.png,40,246,135,364,without_mask
maksssksksss483.png,69,64,89,81,without_mask
maksssksksss486.png,18,92,26,98,without_mask
maksssksksss486.png,116,87,124,94,without_mask
maksssksksss486.png,229,92,237,99,without_mask
maksssksksss487.png,2,104,47,156,without_mask
maksssksksss489.png,129,51,158,70,without_mask
maksssksksss489.png,192,52,203,64,without_mask
maksssksksss489.png,290,46,317,64,without_mask
maksssksksss489.png,330,47,337,54,without_mask
maksssksksss489.png,342,41,363,58,without_mask
maksssksksss489.png,373,41,387,52,without_mask
maksssksksss49.png,95,211,113,225,without_mask
maksssksksss49.png,225,181,240,200,without_mask
maksssksksss495.png,1,47,26,97,without_mask
maksssksksss495.png,170,64,224,125,without_mask
maksssksksss495.png,274,61,330,122,without_mask
maksssksksss495.png,351,53,389,92,without_mask
maksssksksss498.png,166,53,179,67,without_mask
maksssksksss498.png,175,76,188,86,without_mask
maksssksksss498.png,321,56,340,77,without_mask
maksssksksss498.png,130,76,141,85,without_mask
maksssksksss499.png,101,24,132,62,without_mask
maksssksksss5.png,364,30,401,66,without_mask
maksssksksss5.png,192,106,229,144,without_mask
maksssksksss502.png,55,72,115,136,without_mask
maksssksksss502.png,181,56,243,126,without_mask
maksssksksss51.png,114,159,213,286,without_mask
maksssksksss514.png,237,41,248,58,without_mask
maksssksksss518.png,43,137,53,148,without_mask
maksssksksss518.png,63,156,71,166,without_mask
maksssksksss518.png,55,57,64,66,without_mask
maksssksksss518.png,116,105,124,114,without_mask
maksssksksss518.png,85,46,93,55,without_mask
maksssksksss518.png,107,57,117,67,without_mask
maksssksksss518.png,122,52,130,60,without_mask
maksssksksss518.png,166,8,171,15,without_mask
maksssksksss518.png,267,23,274,29,without_mask
maksssksksss518.png,306,15,312,22,without_mask
maksssksksss518.png,295,33,301,40,without_mask
maksssksksss518.png,348,1,354,7,without_mask
maksssksksss52.png,37,166,84,214,without_mask
maksssksksss52.png,6,117,47,149,without_mask
maksssksksss52.png,92,74,129,113,without_mask
maksssksksss52.png,131,67,157,97,without_mask
maksssksksss52.png,221,51,246,77,without_mask
maksssksksss52.png,74,31,96,53,without_mask
maksssksksss52.png,185,20,200,37,without_mask
maksssksksss52.png,246,51,256,72,without_mask
maksssksksss52.png,276,9,284,19,without_mask
maksssksksss52.png,378,61,388,84,without_mask
maksssksksss521.png,178,35,265,133,without_mask
maksssksksss522.png,1,174,17,211,without_mask
maksssksksss522.png,112,134,150,182,without_mask
maksssksksss522.png,124,193,148,218,without_mask
maksssksksss523.png,81,92,167,190,without_mask
maksssksksss526.png,66,30,100,66,without_mask
maksssksksss526.png,309,107,350,146,without_mask
maksssksksss527.png,97,21,113,40,without_mask
maksssksksss527.png,26,57,46,81,without_mask
maksssksksss527.png,141,111,165,137,without_mask
maksssksksss527.png,248,54,269,72,without_mask
maksssksksss527.png,244,82,270,108,without_mask
maksssksksss528.png,43,169,149,308,without_mask
maksssksksss529.png,170,89,182,103,without_mask
maksssksksss530.png,76,236,149,349,without_mask
maksssksksss534.png,260,141,266,148,without_mask
maksssksksss535.png,233,48,242,56,without_mask
maksssksksss535.png,273,51,283,61,without_mask
maksssksksss537.png,95,177,195,295,without_mask
maksssksksss538.png,27,81,33,86,without_mask
maksssksksss539.png,366,11,376,24,without_mask
maksssksksss54.png,161,78,178,98,without_mask
maksssksksss540.png,107,129,202,245,without_mask
maksssksksss543.png,46,39,56,50,without_mask
maksssksksss543.png,101,50,112,63,without_mask
maksssksksss543.png,194,34,205,51,without_mask
maksssksksss543.png,230,24,243,41,without_mask
maksssksksss543.png,252,51,270,69,without_mask
maksssksksss543.png,295,40,306,50,without_mask
maksssksksss543.png,282,42,291,52,without_mask
maksssksksss543.png,267,42,278,55,without_mask
maksssksksss543.png,259,32,269,42,without_mask
maksssksksss543.png,337,31,350,46,without_mask
maksssksksss544.png,145,200,240,324,without_mask
maksssksksss545.png,68,67,90,91,without_mask
maksssksksss545.png,1,46,18,63,without_mask
maksssksksss545.png,137,57,155,76,without_mask
maksssksksss545.png,235,51,249,67,without_mask
maksssksksss545.png,282,33,301,51,without_mask
maksssksksss545.png,89,54,103,71,without_mask
maksssksksss548.png,256,66,273,85,without_mask
maksssksksss558.png,108,74,134,98,without_mask
maksssksksss558.png,184,67,198,94,without_mask
maksssksksss558.png,261,22,279,41,without_mask
maksssksksss558.png,233,23,245,39,without_mask
maksssksksss558.png,305,6,318,17,without_mask
maksssksksss559.png,332,81,347,96,without_mask
maksssksksss559.png,259,44,274,60,without_mask
maksssksksss559.png,170,108,189,127,without_mask
maksssksksss561.png,81,163,184,279,without_mask
maksssksksss564.png,129,106,185,172,without_mask
maksssksksss564.png,78,65,100,85,without_mask
maksssksksss564.png,179,31,193,47,without_mask
maksssksksss565.png,134,191,229,316,without_mask
maksssksksss567.png,135,69,156,90,without_mask
maksssksksss567.png,35,69,55,91,without_mask
maksssksksss570.png,43,138,62,160,without_mask
maksssksksss570.png,108,115,131,137,without_mask
maksssksksss570.png,288,116,303,138,without_mask
maksssksksss570.png,318,133,336,151,without_mask
maksssksksss570.png,365,129,382,148,without_mask
maksssksksss570.png,188,132,199,147,without_mask
maksssksksss571.png,122,196,210,319,without_mask
maksssksksss575.png,36,99,54,114,without_mask
maksssksksss575.png,234,153,258,186,without_mask
maksssksksss575.png,383,127,400,150,without_mask
maksssksksss575.png,220,86,230,102,without_mask
maksssksksss577.png,137,67,152,80,without_mask
maksssksksss578.png,139,213,153,231,without_mask
maksssksksss579.png,274,51,286,72,without_mask
maksssksksss584.png,359,92,381,116,without_mask
maksssksksss584.png,189,74,216,98,without_mask
maksssksksss584.png,250,82,266,110,without_mask
maksssksksss585.png,7,116,55,163,without_mask
maksssksksss585.png,229,120,255,160,without_mask
maksssksksss585.png,343,129,400,183,without_mask
maksssksksss603.png,52,76,61,86,without_mask
maksssksksss603.png,40,154,51,165,without_mask
maksssksksss603.png,60,171,69,182,without_mask
maksssksksss603.png,82,67,89,73,without_mask
maksssksksss603.png,103,77,111,85,without_mask
maksssksksss603.png,111,122,118,130,without_mask
maksssksksss603.png,159,30,164,37,without_mask
maksssksksss603.png,135,63,143,72,without_mask
maksssksksss603.png,117,72,124,80,without_mask
maksssksksss603.png,269,36,274,42,without_mask
maksssksksss603.png,293,37,299,44,without_mask
maksssksksss603.png,255,45,262,51,without_mask
maksssksksss603.png,334,23,339,29,without_mask
maksssksksss603.png,382,6,386,12,without_mask
maksssksksss603.png,396,18,401,23,without_mask
maksssksksss609.png,91,103,239,265,without_mask
maksssksksss61.png,162,9,178,27,without_mask
maksssksksss61.png,228,48,244,67,without_mask
maksssksksss61.png,209,61,233,84,without_mask
maksssksksss613.png,194,102,206,117,without_mask
maksssksksss615.png,85,270,154,373,without_mask
maksssksksss616.png,249,110,263,129,without_mask
maksssksksss616.png,154,122,171,142,without_mask
maksssksksss616.png,95,115,114,137,without_mask
maksssksksss618.png,118,171,212,297,without_mask
maksssksksss619.png,305,125,317,139,without_mask
maksssksksss620.png,320,125,334,140,without_mask
maksssksksss620.png,363,126,385,147,without_mask
maksssksksss621.png,14,52,68,137,without_mask
maksssksksss623.png,30,109,47,126,without_mask
maksssksksss623.png,23,2,43,22,without_mask
maksssksksss624.png,95,195,193,338,without_mask
maksssksksss627.png,42,27,69,52,without_mask
maksssksksss627.png,132,5,144,20,without_mask
maksssksksss627.png,191,9,205,25,without_mask
maksssksksss627.png,142,34,166,55,without_mask
maksssksksss627.png,68,75,93,91,without_mask
maksssksksss627.png,243,41,260,59,without_mask
maksssksksss634.png,370,95,381,108,without_mask
maksssksksss636.png,229,93,243,108,without_mask
maksssksksss636.png,271,103,285,121,without_mask
maksssksksss64.png,275,32,277,35,without_mask
maksssksksss641.png,1,248,15,273,without_mask
maksssksksss641.png,12,240,36,269,without_mask
maksssksksss641.png,66,200,108,248,without_mask
maksssksksss641.png,216,272,257,318,without_mask
maksssksksss647.png,82,21,108,43,without_mask
maksssksksss647.png,317,47,350,81,without_mask
maksssksksss65.png,341,77,362,103,without_mask
maksssksksss655.png,107,175,209,292,without_mask
maksssksksss656.png,316,56,330,71,without_mask
maksssksksss657.png,84,48,95,59,without_mask
maksssksksss657.png,94,35,110,50,without_mask
maksssksksss657.png,133,44,151,61,without_mask
maksssksksss657.png,231,39,248,57,without_mask
maksssksksss657.png,18,38,30,52,without_mask
maksssksksss660.png,132,141,232,264,without_mask
maksssksksss661.png,261,46,279,65,without_mask
maksssksksss661.png,340,101,354,121,without_mask
maksssksksss672.png,51,221,96,263,without_mask
maksssksksss672.png,1,50,27,78,without_mask
maksssksksss672.png,133,47,159,76,without_mask
maksssksksss672.png,354,266,397,300,without_mask
maksssksksss673.png,102,199,118,220,without_mask
maksssksksss673.png,240,189,258,210,without_mask
maksssksksss674.png,316,61,331,76,without_mask
maksssksksss68.png,141,187,237,307,without_mask
maksssksksss680.png,235,41,249,57,without_mask
maksssksksss682.png,3,53,23,77,without_mask
maksssksksss684.png,282,75,296,90,without_mask
maksssksksss684.png,365,61,374,70,without_mask
maksssksksss690.png,316,57,332,71,without_mask
maksssksksss695.png,319,125,350,156,without_mask
maksssksksss695.png,164,134,195,165,without_mask
maksssksksss695.png,112,122,128,142,without_mask
maksssksksss695.png,183,84,196,98,without_mask
maksssksksss696.png,291,20,300,39,without_mask
maksssksksss696.png,340,77,355,95,without_mask
maksssksksss696.png,1,89,8,109,without_mask
maksssksksss698.png,28,109,55,147,without_mask
maksssksksss698.png,328,87,356,135,without_mask
maksssksksss699.png,18,82,64,131,without_mask
maksssksksss699.png,18,198,66,245,without_mask
maksssksksss699.png,113,47,148,73,without_mask
maksssksksss699.png,278,17,320,68,without_mask
maksssksksss699.png,340,98,383,139,without_mask
maksssksksss699.png,342,217,396,256,without_mask
maksssksksss7.png,118,66,135,90,without_mask
maksssksksss70.png,18,117,45,145,without_mask
maksssksksss70.png,62,120,85,143,without_mask
maksssksksss70.png,96,128,120,157,without_mask
maksssksksss701.png,98,150,199,265,without_mask
maksssksksss702.png,221,57,248,81,without_mask
maksssksksss703.png,67,94,96,125,without_mask
maksssksksss703.png,96,167,139,208,without_mask
maksssksksss703.png,247,78,285,107,without_mask
maksssksksss703.png,384,116,400,156,without_mask
maksssksksss71.png,133,29,173,56,without_mask
maksssksksss710.png,55,31,80,62,without_mask
maksssksksss715.png,1,169,24,228,without_mask
maksssksksss716.png,101,174,209,299,without_mask
maksssksksss717.png,76,128,142,185,without_mask
maksssksksss719.png,177,110,186,120,without_mask
maksssksksss72.png,112,176,207,291,without_mask
maksssksksss723.png,282,17,307,40,without_mask
maksssksksss723.png,110,11,117,19,without_mask
maksssksksss723.png,131,14,138,22,without_mask
maksssksksss723.png,166,8,174,15,without_mask
maksssksksss723.png,233,6,240,16,without_mask
maksssksksss723.png,245,1,250,7,without_mask
maksssksksss726.png,188,67,207,89,without_mask
maksssksksss726.png,312,89,325,105,without_mask
maksssksksss726.png,356,77,369,96,without_mask
maksssksksss729.png,89,284,176,400,without_mask
maksssksksss732.png,59,54,75,74,without_mask
maksssksksss732.png,39,63,57,84,without_mask
maksssksksss735.png,379,54,392,71,without_mask
maksssksksss735.png,305,46,322,65,without_mask
maksssksksss735.png,281,44,296,63,without_mask
maksssksksss735.png,249,42,266,67,without_mask
maksssksksss735.png,75,47,97,69,without_mask
maksssksksss735.png,58,51,68,62,without_mask
maksssksksss74.png,215,103,221,109,without_mask
maksssksksss75.png,358,89,370,105,without_mask
maksssksksss750.png,73,168,79,177,without_mask
maksssksksss750.png,133,153,140,163,without_mask
maksssksksss750.png,191,152,197,163,without_mask
maksssksksss750.png,225,154,234,166,without_mask
maksssksksss750.png,261,152,271,163,without_mask
maksssksksss750.png,287,158,296,169,without_mask
maksssksksss750.png,346,152,356,163,without_mask
maksssksksss751.png,249,26,284,57,without_mask
maksssksksss753.png,135,115,144,125,without_mask
maksssksksss753.png,352,117,359,126,without_mask
maksssksksss757.png,104,182,220,317,without_mask
maksssksksss759.png,273,87,339,146,without_mask
maksssksksss760.png,89,26,113,56,without_mask
maksssksksss760.png,98,96,138,127,without_mask
maksssksksss760.png,217,103,252,141,without_mask
maksssksksss760.png,350,105,378,139,without_mask
maksssksksss770.png,215,38,227,53,without_mask
maksssksksss770.png,253,48,264,65,without_mask
maksssksksss772.png,45,190,80,235,without_mask
maksssksksss772.png,108,150,169,212,without_mask
maksssksksss773.png,290,63,312,83,without_mask
maksssksksss773.png,370,70,391,89,without_mask
maksssksksss773.png,380,18,393,30,without_mask
maksssksksss773.png,251,6,258,17,without_mask
maksssksksss773.png,227,11,232,19,without_mask
maksssksksss773.png,325,31,330,38,without_mask
maksssksksss773.png,295,31,301,37,without_mask
maksssksksss773.png,280,29,286,35,without_mask
maksssksksss773.png,145,30,151,36,without_mask
maksssksksss773.png,83,24,89,31,without_mask
maksssksksss773.png,58,24,65,33,without_mask
maksssksksss773.png,25,22,31,31,without_mask
maksssksksss773.png,2,22,10,29,without_mask
maksssksksss777.png,226,47,248,70,without_mask
maksssksksss784.png,17,59,39,82,without_mask
maksssksksss785.png,159,90,217,164,without_mask
maksssksksss787.png,59,50,111,100,without_mask
maksssksksss787.png,188,60,233,97,without_mask
maksssksksss792.png,196,36,239,81,without_mask
maksssksksss792.png,16,148,42,199,without_mask
maksssksksss792.png,26,43,60,89,without_mask
maksssksksss792.png,324,73,353,112,without_mask
maksssksksss792.png,354,66,400,108,without_mask
maksssksksss795.png,8,1,31,23,without_mask
maksssksksss795.png,15,129,35,155,without_mask
maksssksksss797.png,368,61,390,97,without_mask
maksssksksss801.png,221,90,236,108,without_mask
maksssksksss801.png,263,100,279,120,without_mask
maksssksksss809.png,21,78,65,119,without_mask
maksssksksss817.png,102,141,193,250,without_mask
maksssksksss818.png,122,226,233,374,without_mask
maksssksksss821.png,371,108,400,144,without_mask
maksssksksss822.png,81,68,96,85,without_mask
maksssksksss822.png,120,74,131,85,without_mask
maksssksksss822.png,207,80,219,96,without_mask
maksssksksss822.png,151,76,165,91,without_mask
maksssksksss823.png,42,71,70,133,without_mask
maksssksksss824.png,231,162,249,178,without_mask
maksssksksss824.png,205,132,215,143,without_mask
maksssksksss829.png,320,49,342,67,without_mask
maksssksksss829.png,149,39,158,50,without_mask
maksssksksss829.png,75,30,89,48,without_mask
maksssksksss83.png,268,16,380,135,without_mask
maksssksksss837.png,95,151,192,261,without_mask
maksssksksss841.png,134,184,223,296,without_mask
maksssksksss842.png,82,95,102,126,without_mask
maksssksksss847.png,28,98,48,119,without_mask
maksssksksss852.png,92,86,132,125,without_mask
maksssksksss86.png,335,135,395,198,without_mask
maksssksksss86.png,78,105,111,149,without_mask
maksssksksss9.png,27,78,56,106,without_mask
maksssksksss92.png,16,115,38,139,without_mask
maksssksksss94.png,267,74,290,96,without_mask
maksssksksss95.png,67,289,155,400,without_mask
maksssksksss96.png,64,151,110,201,without_mask
maksssksksss96.png,251,88,282,124,without_mask
